{"places": [{"index": 0, "type": "discrete", "initial_marking": 0}, {"index": 1, "type": "discrete", "initial_marking": 1}, {"index": 2, "type": "discrete", "initial_marking": 0}, {"index": 3, "type": "discrete", "initial_marking": 0}, {"index": 4, "type": "discrete", "initial_marking": 0}, {"index": 5, "type": "discrete", "initial_marking": 0}], "transitions": [{"index": 0, "type": "immediate", "guard": true, "event": true}, {"index": 1, "type": "immediate", "guard": true, "event": true}, {"index": 2, "type": "immediate", "guard": true, "event": true}, {"index": 3, "type": "immediate", "guard": true, "event": true}, {"index": 4, "type": "immediate", "guard": true, "event": true}, {"index": 5, "type": "immediate", "guard": true, "event": true}], "arcs": [{"type": "regular", "from_place": false, "source": 0, "target": 0, "weight": 1}, {"type": "regular", "from_place": true, "source": 0, "target": 1, "weight": 1}, {"type": "regular", "from_place": true, "source": 1, "target": 0, "weight": 1}, {"type": "regular", "from_place": true, "source": 1, "target": 4, "weight": 1}, {"type": "regular", "from_place": false, "source": 1, "target": 2, "weight": 1}, {"type": "regular", "from_place": true, "source": 2, "target": 2, "weight": 1}, {"type": "regular", "from_place": false, "source": 2, "target": 3, "weight": 1}, {"type": "regular", "from_place": true, "source": 3, "target": 3, "weight": 1}, {"type": "regular", "from_place": false, "source": 3, "target": 4, "weight": 1}, {"type": "regular", "from_place": false, "source": 5, "target": 4, "weight": 1}, {"type": "regular", "from_place": true, "source": 5, "target": 5, "weight": 1}], "network": {"id": "ejemplo", "amount_places": 6, "amount_transitions": 6, "time_scale": "millisecond", "is_temporal": false, "network_type": "discrete"}}