{
    "edges": [
        {
            "from": "n4",
            "path": "n4 --(T4)--> n5",
            "to": "n5"
        },
        {
            "from": "n3",
            "path": "n3 --(T3)--> n4",
            "to": "n4"
        },
        {
            "from": "n3",
            "path": "n3 --(T3)--> n4",
            "to": "n4"
        },
        {
            "from": "n2",
            "path": "n2 --(T2)--> n3",
            "to": "n3"
        },
        {
            "from": "n2",
            "path": "n2 --(T2)--> n3",
            "to": "n3"
        },
        {
            "from": "n1",
            "path": "n1 --(T1)--> n2",
            "to": "n2"
        },
        {
            "from": "n1",
            "path": "n1 --(T1)--> n2",
            "to": "n2"
        }
    ],
    "network": "ejemplo",
    "nodes": [
        {
            "group": "not omega",
            "id": "n5",
            "state": "[0 0 0 0 0 0 1 0 0 0 ]"
        },
        {
            "group": "not omega",
            "id": "n4",
            "state": "[0 0 0 0 0 1 0 0 0 0 ]"
        },
        {
            "group": "not omega",
            "id": "n4",
            "state": "[0 0 0 0 0 1 0 0 0 0 ]"
        },
        {
            "group": "not omega",
            "id": "n3",
            "state": "[0 0 0 0 1 0 0 0 0 0 ]"
        },
        {
            "group": "not omega",
            "id": "n3",
            "state": "[0 0 0 0 1 0 0 0 0 0 ]"
        },
        {
            "group": "not omega",
            "id": "n2",
            "state": "[0 0 0 1 0 0 0 0 0 0 ]"
        },
        {
            "group": "not omega",
            "id": "n2",
            "state": "[0 0 0 1 0 0 0 0 0 0 ]"
        },
        {
            "group": "root",
            "id": "n1",
            "state": "[0 0 0 0 0 0 0 0 0 1 ]"
        }
    ],
    "places": 5,
    "time": 1800.948,
    "transitions": 5
}
